source,target,weight
0,14,10
0,53,5
0,56,10
0,20,5
0,8,10
1,26,10
1,12,10
1,45,10
1,70,10
1,19,10
1,58,10
1,56,10
1,21,10
1,23,10
1,67,5
1,57,10
1,2,10
2,45,10
2,93,10
2,81,5
2,16,5
2,8,10
17,2,10
2,25,5
2,82,10
2,31,5
2,78,5
2,99,5
2,58,10
2,87,10
2,57,10
2,22,10
2,70,10
14,2,10
2,23,10
2,44,10
2,50,10
2,30,10
2,40,10
2,34,10
2,21,10
12,2,10
2,20,10
19,2,10
13,2,10
2,6,10
30,5,10
5,93,10
5,50,10
5,70,10
5,54,5
6,82,5
6,20,5
6,56,5
31,6,10
23,6,10
50,6,10
6,67,10
21,6,10
30,6,10
19,6,10
12,6,10
13,6,10
6,8,10
13,7,10
60,7,10
22,7,10
7,70,5
7,12,5
7,78,5
7,2,5
7,71,10
42,7,10
7,85,10
101,7,10
7,99,5
7,30,5
7,5,5
55,7,10
17,7,10
7,93,10
25,7,10
7,1,5
7,90,10
61,7,10
7,47,5
7,66,5
7,86,5
52,7,10
7,88,10
7,73,10
7,82,5
7,72,5
7,83,10
7,80,5
29,7,10
15,7,10
7,54,5
7,48,5
44,7,10
46,7,10
50,7,10
51,7,10
26,7,10
31,7,10
7,64,5
45,7,10
16,7,10
7,9,10
7,65,5
32,7,10
8,17,5
8,81,5
8,101,5
8,94,10
8,83,10
70,8,10
25,8,10
8,99,5
55,8,10
8,93,10
8,47,5
12,8,10
8,88,5
48,8,10
66,8,10
8,58,5
72,8,10
8,82,5
8,67,5
16,8,10
8,21,5
8,7,5
8,64,5
8,62,5
53,8,10
8,37,5
8,20,5
8,30,5
8,39,5
56,8,10
11,8,10
24,8,10
31,8,10
8,3,5
8,1,5
15,8,10
60,9,10
42,9,10
71,9,10
101,9,10
9,90,5
55,9,10
9,93,10
61,9,10
9,30,5
9,62,5
83,9,10
9,78,5
52,9,10
9,29,5
76,9,10
57,9,10
32,9,10
14,9,10
17,9,10
21,9,10
9,19,5
9,80,5
34,9,10
9,54,5
9,12,5
9,47,5
9,70,5
15,9,10
9,82,5
9,68,5
9,20,5
9,3,5
9,2,5
46,9,10
9,64,5
44,9,10
51,9,10
16,9,10
25,9,10
9,23,5
73,9,10
31,9,10
9,67,5
58,9,10
65,9,10
9,40,5
13,9,10
27,9,10
45,9,10
9,1,5
26,9,10
50,9,10
9,56,5
18,9,10
10,101,5
10,99,5
10,94,5
10,70,10
10,50,5
10,31,5
10,82,5
10,25,10
10,56,5
11,24,5
11,72,10
11,56,5
11,31,10
12,93,5
100,12,10
12,68,5
12,76,5
12,87,10
12,33,10
12,25,10
12,18,10
12,34,10
12,29,10
12,70,10
12,23,10
12,17,10
12,78,10
12,26,10
12,82,10
12,22,10
12,21,10
12,50,10
12,58,10
12,30,10
12,19,10
12,67,10
12,40,10
12,13,10
13,22,10
13,82,10
13,77,10
13,51,10
13,16,5
13,31,10
13,81,10
13,76,5
13,70,10
13,73,10
13,58,10
13,30,10
13,50,10
13,42,10
13,44,10
13,23,10
13,68,5
13,57,10
13,17,10
13,45,10
13,40,10
13,29,10
13,26,10
13,34,10
13,21,10
13,27,10
13,20,5
13,18,10
13,1,5
14,78,5
14,102,5
14,8,5
14,32,5
14,85,5
14,37,10
14,99,5
14,95,5
14,17,5
14,51,10
14,82,10
14,23,5
14,21,10
14,13,5
14,16,10
14,31,10
14,80,5
14,45,5
14,50,10
14,47,10
14,19,10
14,56,5
14,70,10
14,30,10
14,20,5
14,58,10
14,29,10
14,40,10
14,1,5
14,57,10
15,82,10
15,51,10
15,83,10
15,55,10
15,93,10
15,85,10
15,92,10
15,88,10
15,52,10
15,90,5
15,59,10
15,25,10
15,38,5
15,26,10
15,54,5
15,58,5
15,57,5
15,1,5
15,0,5
15,45,10
15,43,5
15,44,10
15,73,10
15,65,5
15,46,10
15,16,10
15,64,5
15,48,5
15,79,10
15,11,5
15,62,5
15,24,5
15,31,10
15,50,10
15,56,5
16,42,10
101,16,10
16,71,10
100,16,10
16,99,5
16,55,10
16,93,10
16,17,10
16,62,5
16,91,10
16,92,10
16,83,10
16,66,10
16,54,5
16,52,10
16,21,10
16,80,5
16,56,5
16,82,10
16,34,10
16,27,10
16,73,10
16,46,10
16,70,10
16,51,10
16,44,10
16,26,10
16,50,10
16,63,5
16,57,10
16,79,10
16,45,10
16,58,10
16,40,10
16,68,5
16,31,10
16,48,10
17,98,10
17,28,5
17,93,10
103,17,10
17,51,10
17,81,10
17,94,5
17,60,10
17,99,5
17,5,5
17,3,5
17,76,10
17,36,5
17,67,5
17,82,10
17,30,10
17,84,5
17,66,10
17,80,5
17,70,10
17,25,10
17,62,5
17,54,5
17,78,5
17,44,5
17,77,10
17,50,10
17,68,5
17,42,10
17,40,10
17,58,10
17,57,10
17,49,5
17,34,10
18,51,10
18,61,5
18,73,10
18,57,10
18,21,10
18,58,10
18,67,10
18,68,5
18,56,5
18,2,5
18,26,10
18,1,5
18,45,10
18,40,10
18,32,5
18,27,10
19,82,5
19,4,5
19,76,10
19,54,5
19,62,5
19,70,10
19,67,10
19,56,5
19,23,10
19,22,10
19,29,10
19,44,10
19,47,10
19,3,5
19,30,10
19,58,10
19,57,10
19,50,10
19,21,10
19,33,10
19,34,10
19,20,5
19,13,5
20,98,5
20,21,10
20,25,10
20,70,10
20,67,10
20,57,10
20,58,10
20,1,5
21,98,10
21,42,5
21,52,5
21,3,5
21,91,10
21,50,10
21,31,10
21,93,10
21,55,5
21,95,5
21,51,10
21,88,5
21,76,5
21,87,10
21,5,5
21,80,5
21,54,5
21,70,10
21,38,5
21,22,10
21,64,5
21,82,10
21,74,5
21,4,5
21,78,5
21,17,5
21,23,5
21,29,10
21,44,10
21,67,10
21,68,5
21,62,5
21,26,10
21,57,10
21,58,10
21,40,10
21,56,5
21,30,10
21,34,10
22,76,10
22,36,5
22,104,5
22,98,10
22,87,5
22,85,10
22,94,5
22,102,5
22,8,5
22,66,5
22,81,10
22,103,5
22,101,5
22,51,10
22,60,10
22,9,5
22,73,10
22,99,5
22,35,5
22,42,5
22,52,10
22,83,10
22,88,5
22,55,10
100,22,10
22,93,10
22,91,10
22,95,5
22,78,5
22,82,5
22,48,5
22,70,10
22,16,5
22,26,10
22,45,10
22,84,5
22,5,5
22,25,10
22,27,5
22,31,5
22,79,5
22,80,5
22,33,5
22,6,5
22,23,5
22,43,5
22,75,10
22,77,10
22,17,5
22,63,5
22,38,5
22,54,5
22,64,5
22,56,5
22,68,5
22,3,5
22,50,10
22,18,5
22,67,10
22,44,10
22,29,10
22,20,5
22,40,10
22,34,5
22,30,10
22,58,10
22,1,5
22,47,10
22,57,10
23,30,10
23,40,10
23,70,10
23,38,10
23,57,10
23,29,10
23,34,10
24,1,5
24,0,5
24,31,10
24,56,10
25,102,5
25,87,10
25,93,10
25,96,5
25,66,10
25,59,10
25,81,5
25,88,5
25,28,10
25,80,5
25,60,10
25,86,5
25,42,10
25,101,5
25,99,5
25,83,10
100,25,10
25,52,5
25,95,5
25,5,5
25,94,10
25,76,5
25,48,5
25,41,10
25,85,10
25,44,10
25,51,10
25,16,5
25,90,10
25,84,5
25,82,10
25,36,5
25,78,5
25,69,5
25,31,10
25,6,5
25,19,5
25,3,5
25,77,5
25,54,5
25,62,5
25,26,10
25,40,10
25,58,10
25,57,5
25,67,5
25,56,5
25,47,10
25,30,5
25,70,10
25,34,5
25,50,10
25,39,5
25,45,10
26,37,10
26,48,5
26,78,5
26,70,10
26,62,5
26,61,10
26,65,5
26,47,5
26,44,10
26,56,5
26,82,10
26,52,10
26,51,10
26,31,10
26,46,10
26,64,5
26,58,10
26,73,10
26,14,5
26,20,5
26,72,5
26,57,10
26,29,10
26,67,10
26,23,5
26,34,5
26,19,5
26,2,5
26,30,5
26,40,10
26,50,10
26,45,10
26,27,10
27,61,5
27,51,10
27,99,5
27,80,5
27,76,5
27,82,5
27,70,5
27,7,5
27,31,5
27,52,10
27,58,10
27,47,5
27,12,5
27,19,5
27,73,10
27,40,10
27,67,5
27,1,5
27,43,5
27,68,5
27,57,10
27,34,10
27,50,10
27,45,10
27,32,10
28,30,5
28,68,5
28,7,5
28,12,5
28,48,5
28,42,10
28,71,10
28,51,10
28,83,10
28,70,5
28,99,5
28,58,5
28,31,5
28,16,5
28,82,5
28,45,10
28,56,5
29,5,5
29,65,10
29,82,5
29,31,5
29,56,5
29,46,10
29,51,10
29,70,10
29,67,10
29,58,10
29,57,10
29,34,10
29,38,10
29,50,10
29,30,10
30,70,10
30,34,10
30,87,5
30,50,10
30,16,5
30,3,5
30,40,10
30,68,5
30,80,10
30,54,5
30,82,10
30,67,10
30,47,10
30,57,10
30,58,10
30,20,5
31,97,10
31,54,5
31,81,10
31,60,10
31,83,10
31,47,10
31,42,10
31,99,5
31,55,10
31,1,5
31,40,10
31,86,5
31,93,10
31,57,5
31,58,10
31,66,10
31,52,10
31,88,10
31,76,10
31,12,5
31,82,10
31,65,5
31,46,10
31,44,10
31,51,10
31,70,10
31,79,10
31,50,10
31,64,10
31,63,5
31,56,5
31,48,10
32,52,10
32,42,10
32,83,10
32,65,10
32,44,10
32,51,10
32,46,10
32,50,10
32,16,5
32,31,5
32,45,10
33,43,5
33,67,5
33,57,5
33,58,10
33,68,5
33,40,5
33,6,5
33,1,5
33,30,5
33,2,5
34,50,10
34,95,5
34,93,10
34,51,10
34,100,5
34,99,5
34,76,5
34,80,5
34,82,10
34,75,10
34,5,5
34,81,10
34,4,5
34,70,10
34,77,10
34,78,5
34,42,10
34,43,5
34,67,10
34,68,5
34,20,5
34,45,10
34,38,10
34,48,5
34,58,10
34,57,10
34,44,10
34,1,5
34,49,10
34,40,10
34,18,5
35,46,10
35,17,5
35,68,5
35,2,5
35,91,10
35,52,10
35,95,5
35,66,5
35,50,10
35,71,5
35,101,5
35,42,10
35,81,10
35,77,10
35,7,5
35,83,10
35,44,5
35,99,5
35,93,10
35,55,10
35,31,5
35,1,5
35,88,10
35,82,5
35,80,5
35,58,5
35,57,5
35,56,5
36,86,5
36,12,5
36,33,5
36,78,10
36,80,5
36,84,5
36,40,10
36,57,10
36,58,10
37,50,10
37,16,5
37,1,5
37,20,5
37,56,5
38,16,5
38,5,5
38,54,5
38,64,5
38,50,10
38,68,5
38,57,10
38,30,5
38,33,5
40,57,10
40,82,10
40,99,5
40,87,10
40,80,10
40,50,10
40,67,10
40,29,5
40,72,5
40,78,10
40,54,5
40,70,10
40,68,10
40,64,10
40,63,10
40,45,10
40,58,10
40,44,10
40,3,5
40,47,10
40,19,5
40,1,5
40,20,5
41,42,5
41,57,5
41,81,10
41,62,5
41,56,5
42,68,5
104,42,10
103,42,10
42,88,10
42,2,5
42,61,10
42,90,5
42,60,10
42,95,5
42,101,5
42,55,10
42,93,10
42,83,10
42,71,10
42,52,10
42,50,10
42,46,10
42,82,5
42,51,10
42,66,10
42,45,10
42,58,10
42,56,5
42,81,10
42,77,10
43,40,5
44,99,5
44,66,5
44,95,5
44,52,10
44,75,10
44,83,10
44,91,10
44,55,10
44,88,10
44,93,10
44,82,5
44,87,10
44,80,5
44,78,10
44,46,10
44,84,5
44,51,10
44,64,5
44,67,10
44,29,5
44,50,10
44,45,10
44,68,5
44,56,10
44,58,10
44,57,10
44,12,5
44,1,5
44,30,5
45,43,5
45,71,10
45,70,10
45,61,10
45,101,5
45,99,5
45,85,10
45,79,10
45,93,10
45,95,10
45,52,10
45,82,10
45,78,10
45,88,10
45,46,10
45,65,5
45,80,10
45,51,10
45,30,5
45,68,10
45,19,5
45,3,5
45,72,10
45,62,5
45,31,5
45,23,5
45,64,10
45,73,10
45,67,5
45,57,10
45,58,10
45,50,10
46,103,5
46,60,10
46,85,10
46,80,5
46,99,5
46,71,5
46,95,5
46,101,5
46,34,5
46,55,10
46,5,5
46,86,5
46,91,10
46,93,10
46,40,5
46,66,10
46,88,10
46,83,10
46,52,10
46,25,5
46,27,5
46,82,5
46,21,5
46,22,5
46,73,10
46,57,5
46,30,5
46,48,5
46,79,5
46,67,5
46,58,5
46,68,5
46,54,5
46,47,5
46,1,5
46,23,5
46,65,5
46,38,5
46,50,10
46,64,10
46,51,10
47,94,10
47,86,5
47,42,5
47,39,5
47,85,10
47,99,5
47,70,10
47,12,5
47,16,5
47,82,10
47,58,10
47,57,10
47,84,10
47,50,10
47,67,10
47,63,5
48,99,5
48,63,10
48,82,10
48,79,10
48,50,10
48,64,10
48,2,5
49,42,5
49,99,5
49,41,5
49,81,10
49,82,5
49,66,10
49,77,10
49,78,5
49,47,5
49,40,5
50,81,5
50,98,10
50,71,10
50,28,5
50,55,10
101,50,10
50,95,5
50,60,10
50,80,5
50,86,5
50,99,5
50,93,10
50,78,5
50,83,10
50,88,5
50,52,10
50,72,5
50,8,5
50,67,5
50,70,10
50,73,10
50,82,10
50,65,5
50,51,10
50,63,5
50,54,5
50,23,5
50,4,5
50,57,10
50,56,5
50,43,5
50,58,10
50,20,5
50,1,5
50,18,5
51,2,5
51,8,5
51,99,5
51,83,10
101,51,10
51,71,10
51,55,10
51,80,5
51,66,10
51,65,10
51,60,10
51,85,10
51,1,5
51,61,10
51,93,10
51,91,10
51,78,5
51,62,5
51,88,10
51,52,10
51,36,5
51,82,10
51,0,5
51,86,5
51,40,5
51,10,5
51,43,5
51,20,5
51,23,5
51,67,5
51,53,5
51,68,5
51,57,5
51,58,10
51,70,10
51,63,5
51,48,5
51,79,5
51,73,10
51,56,5
51,64,10
52,60,10
52,71,10
101,52,10
52,78,5
52,99,5
52,34,5
52,66,5
52,30,5
52,55,10
52,93,10
52,54,5
52,82,10
52,85,10
52,83,10
52,86,5
52,73,10
52,43,5
52,40,5
52,48,5
52,56,5
53,80,5
53,85,10
53,47,5
53,62,5
53,82,5
53,24,5
53,70,10
53,31,5
53,58,5
54,67,10
54,4,5
55,25,5
55,27,5
55,57,5
55,71,10
55,60,10
55,86,5
101,55,10
55,91,10
55,85,10
55,95,5
55,99,5
55,80,5
55,48,5
55,56,5
55,93,10
55,64,5
55,88,10
55,83,10
55,17,5
55,82,5
55,45,5
56,62,5
57,89,5
57,94,10
57,87,10
57,76,5
57,60,10
57,82,10
57,84,5
57,6,5
57,79,10
57,80,10
57,56,5
57,68,10
57,54,5
57,67,10
57,78,10
57,70,10
57,12,5
57,43,5
57,58,10
58,6,5
58,87,10
58,94,10
58,3,5
58,64,10
58,76,5
58,63,10
58,78,10
58,38,5
58,82,10
58,84,5
58,5,5
58,79,10
58,54,5
58,73,10
58,80,10
58,66,10
58,23,5
58,70,10
58,68,10
58,67,10
59,7,5
59,16,5
59,28,5
59,45,5
59,79,5
59,31,5
60,35,5
60,36,5
60,67,5
60,95,5
60,66,5
60,13,5
60,2,5
60,81,5
60,71,5
60,94,5
60,75,5
60,93,10
60,101,5
60,82,5
103,60,10
60,86,5
60,85,10
60,65,10
60,80,5
60,70,5
60,1,5
60,5,5
60,83,10
60,99,5
60,16,5
60,68,5
60,78,5
60,45,5
60,58,5
61,50,5
61,93,5
61,102,5
61,13,5
61,31,5
61,81,10
61,99,5
61,83,10
61,57,5
61,82,5
61,25,5
61,58,5
62,39,5
63,96,10
63,64,10
63,55,5
63,101,5
63,99,5
63,85,10
63,79,10
63,80,10
63,72,5
63,68,5
64,71,5
64,80,5
101,64,10
64,66,10
64,93,10
64,88,5
64,20,5
64,79,10
64,56,5
65,44,5
65,83,10
65,4,5
65,37,5
65,73,10
65,54,5
66,97,10
66,98,5
101,66,10
66,53,5
66,70,10
100,66,10
66,81,10
66,55,5
66,41,5
66,99,5
66,68,5
66,95,5
66,77,10
66,48,5
66,83,10
66,93,10
66,47,5
66,88,10
66,40,5
66,82,5
66,79,5
66,84,10
66,57,5
66,80,5
66,34,5
66,30,5
67,5,5
67,70,10
67,16,5
67,76,10
67,56,5
67,2,5
68,78,10
68,84,5
68,80,10
68,70,10
68,23,5
68,1,5
68,67,5
69,40,5
69,79,10
69,101,5
69,70,10
69,99,5
69,78,5
69,36,5
69,58,5
69,45,5
69,1,5
69,82,5
69,57,5
69,68,5
70,15,5
70,83,10
70,42,5
70,81,5
100,70,10
70,101,5
70,95,5
70,99,5
70,93,10
70,94,10
70,48,5
70,85,10
70,88,10
70,87,5
70,76,10
70,36,5
70,63,5
70,80,5
70,82,10
70,3,5
70,56,5
70,64,5
70,62,5
70,78,5
70,54,5
70,39,5
71,61,5
71,93,10
71,58,5
71,101,5
71,83,10
72,31,5
73,88,10
73,71,5
73,101,5
73,83,10
73,66,5
73,40,5
73,25,5
73,82,5
73,64,5
73,31,5
73,57,5
73,43,5
75,93,5
75,81,5
75,91,10
75,12,5
75,99,5
75,17,5
75,42,5
75,25,5
75,78,5
75,58,5
75,31,5
75,48,5
75,50,5
75,16,5
75,70,5
75,82,5
75,84,5
75,5,5
75,23,5
75,54,5
75,30,5
75,13,5
75,57,5
76,99,5
76,5,5
76,54,5
76,50,5
76,82,10
76,20,5
77,93,5
77,103,5
77,31,5
77,2,5
77,83,5
77,101,5
77,30,5
77,78,5
77,80,5
77,57,5
77,99,5
77,56,5
77,16,5
77,82,5
77,41,5
77,81,10
77,58,5
77,1,5
78,19,5
78,82,10
78,67,5
78,80,10
79,39,5
79,29,5
79,98,10
79,87,5
79,41,5
79,82,5
79,99,5
79,8,5
79,93,10
79,43,5
79,47,5
79,21,5
79,94,5
79,103,5
79,44,5
79,6,5
79,52,5
79,17,5
79,68,5
79,18,5
79,85,10
79,30,5
79,78,5
79,62,5
79,1,5
79,56,5
79,20,5
79,50,5
79,80,10
79,40,5
80,98,10
80,82,10
81,102,5
81,83,10
81,93,10
81,78,5
81,55,5
101,81,10
81,82,10
81,99,5
81,16,5
81,57,5
82,68,5
82,98,10
82,83,10
100,82,10
82,93,10
82,99,5
82,94,10
82,88,10
82,85,10
82,39,5
82,23,5
82,84,5
82,56,5
82,20,5
82,67,5
82,1,5
82,43,5
83,97,10
83,94,5
83,53,5
83,2,5
83,48,5
83,79,5
83,21,5
83,12,5
83,80,5
83,27,5
83,86,5
83,68,5
83,54,5
83,58,5
83,67,5
101,83,10
83,85,10
83,57,5
83,99,5
83,45,5
83,64,5
83,93,10
83,56,5
83,90,10
83,26,5
83,1,5
83,88,10
84,78,5
84,67,5
84,13,5
84,34,5
84,12,5
85,98,5
85,86,5
85,104,5
85,78,5
85,28,5
85,102,5
85,41,5
85,8,5
85,34,5
85,101,5
85,42,5
85,99,5
85,26,5
85,100,5
85,91,10
85,35,5
85,64,5
85,81,5
85,95,5
85,2,5
85,93,10
85,5,5
85,56,5
85,20,5
85,21,5
85,31,5
85,50,5
85,48,5
85,44,5
85,84,5
85,16,5
85,67,5
85,88,10
85,58,5
85,57,5
85,1,5
86,45,5
87,99,5
87,6,5
87,80,5
87,84,5
87,36,5
87,68,5
87,82,5
87,78,5
87,1,5
87,67,5
87,62,5
88,9,5
101,88,10
100,88,10
88,57,5
88,32,5
88,91,10
88,48,5
88,63,5
88,80,5
88,58,5
88,86,5
88,16,5
90,61,5
90,45,5
90,62,5
91,5,5
91,42,5
91,83,5
91,99,5
91,95,5
91,81,5
91,93,10
91,68,5
91,34,5
91,38,5
91,66,5
91,80,5
91,36,5
91,23,5
91,7,5
91,50,5
91,78,5
91,57,5
91,40,5
91,67,5
91,47,5
91,1,5
91,31,5
91,64,5
91,82,5
91,45,5
91,48,5
91,58,5
91,14,5
91,30,5
92,50,5
92,39,5
92,31,5
92,48,5
92,1,5
92,62,5
92,56,5
93,98,10
93,94,5
93,28,5
101,93,10
93,78,5
100,93,10
93,40,5
93,99,5
93,95,5
93,30,5
93,68,5
93,63,5
93,48,5
93,73,5
93,47,5
93,38,5
93,1,5
93,54,5
93,32,5
93,43,5
93,57,5
93,58,5
93,80,5
94,1,5
94,42,5
94,16,5
94,31,5
94,48,5
94,12,5
94,101,5
94,99,5
94,100,5
94,78,5
94,40,5
96,80,5
96,79,5
96,83,5
96,70,5
96,90,5
96,31,5
96,17,5
96,56,5
96,16,5
96,7,5
96,58,5
103,96,10
96,86,5
97,16,5
97,68,5
97,82,5
97,101,5
98,43,5
98,31,5
98,70,5
98,30,5
98,38,5
98,40,5
98,5,5
98,94,5
98,99,5
98,57,5
98,78,5
98,58,5
98,45,5
98,68,5
100,47,5
100,101,5
100,99,5
100,58,5
100,84,5
100,75,5
100,10,5
100,31,5
100,50,5
100,39,5
100,57,5
101,57,5
101,104,5
101,30,5
101,56,5
101,2,5
101,82,5
101,86,5
101,99,5
101,32,5
101,31,5
102,93,5
102,82,5
102,16,5
102,42,5
102,31,5
102,86,5
102,104,5
102,103,10
102,1,5
102,99,5
102,58,5
102,57,5
103,39,5
103,104,5
103,25,5
103,82,5
103,70,5
103,31,5
103,48,5
103,101,5
103,50,5
103,16,5
103,1,5
103,99,5
103,88,5
103,58,5
103,40,5
103,2,5
103,86,5
103,57,5
104,80,5
104,57,5
104,78,5
104,58,5
1,5,1
1,6,1
5,6,1
5,8,1
14,5,1
33,5,1
35,5,1
5,51,1
5,57,1
14,6,1
35,6,1
51,6,1
6,70,1
33,8,1
35,8,1
57,8,1
14,22,1
14,33,1
14,35,1
33,35,1
33,51,1
33,70,1
35,51,1
35,70,1
0,6,1
14,67,1
0,12,1
0,40,1
0,67,1
40,6,1
40,8,1
0,7,1
6,7,1
20,44,1
0,1,1
0,9,1
0,19,1
0,21,1
0,23,1
0,25,1
0,28,1
0,31,1
0,61,1
0,70,1
1,25,1
1,28,1
1,61,1
19,7,1
20,7,1
21,7,1
23,7,1
24,7,1
40,7,1
56,7,1
67,7,1
8,9,1
19,8,1
23,8,1
28,8,1
61,8,1
24,9,1
28,9,1
19,24,1
19,28,1
19,31,1
19,61,1
20,23,1
20,24,1
20,28,1
20,31,1
20,56,1
20,61,1
21,24,1
21,25,1
21,28,1
21,61,1
23,24,1
23,25,1
23,28,1
23,31,1
23,56,1
23,61,1
23,67,1
24,25,1
24,28,1
24,40,1
24,61,1
24,67,1
24,70,1
28,40,1
28,61,1
28,67,1
31,67,1
40,56,1
40,61,1
56,61,1
61,67,1
61,70,1
14,7,1
14,25,1
13,8,1
44,8,1
0,22,1
44,6,1
14,44,1
44,70,1
14,34,1
0,33,1
0,82,1
33,7,1
33,61,1
33,82,1
6,71,1
22,24,1
0,44,1
29,6,1
0,13,1
2,56,1
2,64,1
33,56,1
33,64,1
0,58,1
74,8,1
24,74,1
1,17,1
1,29,1
1,30,1
1,64,1
1,73,1
1,80,1
1,81,1
1,88,1
1,98,1
1,101,1
2,29,1
2,61,1
2,73,1
2,80,1
2,88,1
2,98,1
34,7,1
57,7,1
58,7,1
7,81,1
7,98,1
26,8,1
29,8,1
34,8,1
45,8,1
60,8,1
73,8,1
8,80,1
8,98,1
33,9,1
81,9,1
9,98,1
14,60,1
14,61,1
14,64,1
14,73,1
14,81,1
14,83,1
14,88,1
14,98,1
101,14,1
17,19,1
17,26,1
17,29,1
17,33,1
17,45,1
17,56,1
17,61,1
17,64,1
17,73,1
17,83,1
17,88,1
101,17,1
19,51,1
19,60,1
19,64,1
19,73,1
19,80,1
19,81,1
19,83,1
19,88,1
19,98,1
101,19,1
21,33,1
21,45,1
21,60,1
21,73,1
21,81,1
101,21,1
22,61,1
25,29,1
25,33,1
25,64,1
25,98,1
26,33,1
26,60,1
26,80,1
26,81,1
26,88,1
26,98,1
101,26,1
29,33,1
29,45,1
29,60,1
29,61,1
29,64,1
29,73,1
29,80,1
29,81,1
29,83,1
29,88,1
29,98,1
101,29,1
30,51,1
30,56,1
30,60,1
30,61,1
30,64,1
30,73,1
30,81,1
30,83,1
30,88,1
33,34,1
33,44,1
33,45,1
33,50,1
33,60,1
33,73,1
33,80,1
33,81,1
33,83,1
33,88,1
33,98,1
101,33,1
34,56,1
34,60,1
34,61,1
34,64,1
34,73,1
34,83,1
34,88,1
34,98,1
101,34,1
40,60,1
40,81,1
40,83,1
40,88,1
101,40,1
44,60,1
44,61,1
44,73,1
44,81,1
44,98,1
101,44,1
45,56,1
45,81,1
50,64,1
51,81,1
51,98,1
56,58,1
56,60,1
56,73,1
56,80,1
56,81,1
56,88,1
56,98,1
57,64,1
58,81,1
101,58,1
60,61,1
60,64,1
60,73,1
60,88,1
60,98,1
61,64,1
61,73,1
61,80,1
61,88,1
61,98,1
101,61,1
64,81,1
64,82,1
64,98,1
70,73,1
73,80,1
73,81,1
73,98,1
80,81,1
101,80,1
81,88,1
81,98,1
83,98,1
88,98,1
101,98,1
6,76,1
76,8,1
20,29,1
29,76,1
0,29,1
14,38,1
0,35,1
10,8,1
10,6,1
41,8,1
75,8,1
15,41,1
15,75,1
41,75,1
41,83,1
75,83,1
11,41,1
31,41,1
24,51,1
0,37,1
37,6,1
0,83,1
6,83,1
37,83,1
0,50,1
0,11,1
0,41,1
11,21,1
15,21,1
21,41,1
0,2,1
0,74,1
0,85,1
1,74,1
2,74,1
29,74,1
29,85,1
44,74,1
51,74,1
74,85,1
44,76,1
14,93,1
67,93,1
71,8,1
11,53,1
15,53,1
21,53,1
53,56,1
100,8,1
10,47,1
14,76,1
30,35,1
30,76,1
35,76,1
0,30,1
54,8,1
23,76,1
6,64,1
2,27,1
2,36,1
2,38,1
2,47,1
27,8,1
36,8,1
38,8,1
12,14,1
12,38,1
14,27,1
14,36,1
19,36,1
19,38,1
21,27,1
21,36,1
21,47,1
23,27,1
23,36,1
23,44,1
23,47,1
25,27,1
25,38,1
27,29,1
27,36,1
27,38,1
27,44,1
29,36,1
29,47,1
36,38,1
36,44,1
36,47,1
36,50,1
36,67,1
38,40,1
38,44,1
38,47,1
38,67,1
38,70,1
44,47,1
2,24,1
12,20,1
12,51,1
12,61,1
20,53,1
53,67,1
101,20,1
25,53,1
28,53,1
28,76,1
101,28,1
53,76,1
101,53,1
101,76,1
2,37,1
22,37,1
31,37,1
37,44,1
6,60,1
26,35,1
0,54,1
0,76,1
54,6,1
13,67,1
2,62,1
100,2,1
40,62,1
100,40,1
62,93,1
100,62,1
1,47,1
1,55,1
1,76,1
1,78,1
1,100,1
2,55,1
2,76,1
6,9,1
17,6,1
26,6,1
27,6,1
34,6,1
45,6,1
47,6,1
55,6,1
6,77,1
6,78,1
6,93,1
100,6,1
77,8,1
78,8,1
77,9,1
100,9,1
12,45,1
12,55,1
12,64,1
12,77,1
13,25,1
13,47,1
13,55,1
13,64,1
13,78,1
13,93,1
100,13,1
14,55,1
14,77,1
100,14,1
17,27,1
17,31,1
17,47,1
100,17,1
19,55,1
19,77,1
19,93,1
100,19,1
21,77,1
100,21,1
26,55,1
26,76,1
26,77,1
26,93,1
100,26,1
27,30,1
27,64,1
27,77,1
27,78,1
27,93,1
100,27,1
30,31,1
30,55,1
30,78,1
100,30,1
31,34,1
31,78,1
34,47,1
34,55,1
40,55,1
40,76,1
40,77,1
44,77,1
100,44,1
45,47,1
45,76,1
45,77,1
100,45,1
47,51,1
47,55,1
47,64,1
47,76,1
47,77,1
47,78,1
50,77,1
51,76,1
51,77,1
100,51,1
55,58,1
55,67,1
55,70,1
55,76,1
55,77,1
55,78,1
100,55,1
64,67,1
64,76,1
64,77,1
64,78,1
100,64,1
67,77,1
100,67,1
70,77,1
76,77,1
76,78,1
76,93,1
100,76,1
100,77,1
100,78,1
6,74,1
13,74,1
14,15,1
14,53,1
15,29,1
29,53,1
52,8,1
59,8,1
12,15,1
12,37,1
12,41,1
12,52,1
12,59,1
12,71,1
12,73,1
12,85,1
15,28,1
15,37,1
15,67,1
15,71,1
100,15,1
25,37,1
25,71,1
26,28,1
26,41,1
26,59,1
26,71,1
28,37,1
28,41,1
28,52,1
28,73,1
100,28,1
37,41,1
37,45,1
37,51,1
37,52,1
37,59,1
37,67,1
37,70,1
37,71,1
37,73,1
37,85,1
100,37,1
41,45,1
41,50,1
41,51,1
41,52,1
41,59,1
41,67,1
41,70,1
41,71,1
41,73,1
100,41,1
50,59,1
51,59,1
52,59,1
52,67,1
52,70,1
100,52,1
59,67,1
59,70,1
59,71,1
59,73,1
59,83,1
59,85,1
100,59,1
67,71,1
67,73,1
70,71,1
71,85,1
100,71,1
73,85,1
100,73,1
100,83,1
0,48,1
41,48,1
23,33,1
0,10,1
10,14,1
12,5,1
1,10,1
1,75,1
10,2,1
2,46,1
2,69,1
2,75,1
2,91,1
2,94,1
10,7,1
69,7,1
7,75,1
7,94,1
100,7,1
46,8,1
69,8,1
8,91,1
10,9,1
69,9,1
75,9,1
85,9,1
9,91,1
9,94,1
10,12,1
10,21,1
10,22,1
10,40,1
10,44,1
10,46,1
10,57,1
10,58,1
10,60,1
10,67,1
10,69,1
10,75,1
10,83,1
10,85,1
10,91,1
10,93,1
12,46,1
12,60,1
12,69,1
12,91,1
21,69,1
21,75,1
21,94,1
22,69,1
25,91,1
40,75,1
40,85,1
44,69,1
44,94,1
46,69,1
46,70,1
46,75,1
46,94,1
100,46,1
50,69,1
50,94,1
51,69,1
51,75,1
51,94,1
60,69,1
60,91,1
100,60,1
67,69,1
67,75,1
67,94,1
69,75,1
69,83,1
69,85,1
69,91,1
69,93,1
69,94,1
100,69,1
70,91,1
75,85,1
75,94,1
85,94,1
91,94,1
100,91,1
19,5,1
23,5,1
40,5,1
14,52,1
10,23,1
24,6,1
24,44,1
37,7,1
10,13,1
10,19,1
10,37,1
12,56,1
13,37,1
13,46,1
13,56,1
14,46,1
19,37,1
19,46,1
21,37,1
37,46,1
37,58,1
46,56,1
16,18,1
29,37,1
13,52,1
18,52,1
18,7,1
13,33,1
33,75,1
61,75,1
13,85,1
13,94,1
17,85,1
34,94,1
45,94,1
2,5,1
1,96,1
8,96,1
26,96,1
51,96,1
67,96,1
14,24,1
24,64,1
13,38,1
18,29,1
18,30,1
18,38,1
18,44,1
18,70,1
6,94,1
2,65,1
6,65,1
1,53,1
2,66,1
17,91,1
29,41,1
18,8,1
35,9,1
37,9,1
14,18,1
18,24,1
18,33,1
18,35,1
18,37,1
18,78,1
18,93,1
21,35,1
24,26,1
24,33,1
24,34,1
24,35,1
24,37,1
24,57,1
24,58,1
24,78,1
24,93,1
33,37,1
33,78,1
33,93,1
34,35,1
34,37,1
35,37,1
35,78,1
37,57,1
37,78,1
37,93,1
32,67,1
0,69,1
30,69,1
56,69,1
14,75,1
37,53,1
0,26,1
0,34,1
12,24,1
24,29,1
2,53,1
10,20,1
10,53,1
0,16,1
0,46,1
0,60,1
15,6,1
16,6,1
46,6,1
6,61,1
10,15,1
10,16,1
10,24,1
10,26,1
10,29,1
10,30,1
10,33,1
10,34,1
10,61,1
12,16,1
13,15,1
13,24,1
15,22,1
15,23,1
15,30,1
15,33,1
15,34,1
15,60,1
15,61,1
16,23,1
16,24,1
16,29,1
16,33,1
16,61,1
23,60,1
24,30,1
24,46,1
24,50,1
24,60,1
33,46,1
46,61,1
0,94,1
29,94,1
2,52,1
2,68,1
68,8,1
14,68,1
25,68,1
26,68,1
56,68,1
68,73,1
11,14,1
11,37,1
14,41,1
101,15,1
37,61,1
101,37,1
22,74,1
74,93,1
102,8,1
26,91,1
102,26,1
102,70,1
77,85,1
77,91,1
102,77,1
102,83,1
102,91,1
6,75,1
0,65,1
65,8,1
13,65,1
40,65,1
65,70,1
103,8,1
103,15,1
103,21,1
103,45,1
0,57,1
41,7,1
13,41,1
1,52,1
18,6,1
52,6,1
6,73,1
18,25,1
18,82,1
52,57,1
52,58,1
52,61,1
61,65,1
11,6,1
41,6,1
48,6,1
11,48,1
48,56,1
44,53,1
1,38,1
38,61,1
38,75,1
13,90,1
18,90,1
26,90,1
37,90,1
50,90,1
51,90,1
0,100,1
100,20,1
100,24,1
100,56,1
6,85,1
11,50,1
11,79,1
11,85,1
24,41,1
24,79,1
24,85,1
10,63,1
2,54,1
1,48,1
1,63,1
2,63,1
6,63,1
12,48,1
12,63,1
13,48,1
13,63,1
14,48,1
14,63,1
18,19,1
18,20,1
18,31,1
18,46,1
18,48,1
18,63,1
18,75,1
19,48,1
19,63,1
19,75,1
20,27,1
20,33,1
20,45,1
20,46,1
20,48,1
20,63,1
20,75,1
21,48,1
21,63,1
27,33,1
27,48,1
27,63,1
27,75,1
30,48,1
30,63,1
31,33,1
33,48,1
33,63,1
34,63,1
40,48,1
44,48,1
44,63,1
45,48,1
45,63,1
45,75,1
46,63,1
48,57,1
48,58,1
48,67,1
57,63,1
63,67,1
63,75,1
34,41,1
7,76,1
30,42,1
42,76,1
18,28,1
5,9,1
16,5,1
26,5,1
27,5,1
31,5,1
44,5,1
5,65,1
5,68,1
5,73,1
5,82,1
14,54,1
14,65,1
16,19,1
16,65,1
16,76,1
17,65,1
19,65,1
19,68,1
19,91,1
21,65,1
22,65,1
26,54,1
27,54,1
27,65,1
27,91,1
29,54,1
29,68,1
29,91,1
30,65,1
31,68,1
34,54,1
34,65,1
44,54,1
51,54,1
54,68,1
54,73,1
54,82,1
54,91,1
57,65,1
58,65,1
65,67,1
65,68,1
65,76,1
65,82,1
65,91,1
68,76,1
73,76,1
73,91,1
76,91,1
2,71,1
2,79,1
7,77,1
7,79,1
79,9,1
13,79,1
16,78,1
17,18,1
18,42,1
18,47,1
18,60,1
18,76,1
18,77,1
18,81,1
19,42,1
19,79,1
26,42,1
26,79,1
27,42,1
27,60,1
27,79,1
27,81,1
34,79,1
40,42,1
42,57,1
42,67,1
42,78,1
42,79,1
47,60,1
47,81,1
60,76,1
60,77,1
60,79,1
67,79,1
67,81,1
70,79,1
76,79,1
76,81,1
77,79,1
79,81,1
59,9,1
13,28,1
13,35,1
13,59,1
13,83,1
15,35,1
15,40,1
21,59,1
25,35,1
28,34,1
28,35,1
34,59,1
35,40,1
35,45,1
35,59,1
100,35,1
40,59,1
38,7,1
24,76,1
24,83,1
33,76,1
76,83,1
32,73,1
20,62,1
13,66,1
13,88,1
101,13,1
14,66,1
14,79,1
17,38,1
25,79,1
38,56,1
38,60,1
38,66,1
38,78,1
38,79,1
38,88,1
101,38,1
56,66,1
56,78,1
66,78,1
78,88,1
101,78,1
79,88,1
101,79,1
44,62,1
62,67,1
32,61,1
103,62,1
0,27,1
0,39,1
1,11,1
1,39,1
1,41,1
11,2,1
15,2,1
2,39,1
2,41,1
11,7,1
39,7,1
10,11,1
10,27,1
10,39,1
10,41,1
11,13,1
11,20,1
11,22,1
11,27,1
11,29,1
11,34,1
11,39,1
11,44,1
11,51,1
11,67,1
11,70,1
11,82,1
13,39,1
14,39,1
15,20,1
15,27,1
15,39,1
20,39,1
20,41,1
21,39,1
22,39,1
22,41,1
27,37,1
27,39,1
27,41,1
27,56,1
29,39,1
34,39,1
37,39,1
37,82,1
39,41,1
39,44,1
39,50,1
39,51,1
39,56,1
39,67,1
41,44,1
41,82,1
14,71,1
22,71,1
37,60,1
37,98,1
71,98,1
20,60,1
20,83,1
0,77,1
0,81,1
6,81,1
11,16,1
46,90,1
22,97,1
8,87,1
14,87,1
14,94,1
30,94,1
83,87,1
87,94,1
87,98,1
100,87,1
100,98,1
0,64,1
37,64,1
26,53,1
26,32,1
25,74,1
18,59,1
18,83,1
27,59,1
59,61,1
42,8,1
0,79,1
37,79,1
29,75,1
18,85,1
0,78,1
12,79,1
12,98,1
29,93,1
47,98,1
0,47,1
14,96,1
33,96,1
44,96,1
33,55,1
55,61,1
55,75,1
56,75,1
11,28,1
11,63,1
14,74,1
23,71,1
23,83,1
24,71,1
15,18,1
19,35,1
19,85,1
35,61,1
35,79,1
61,77,1
61,79,1
61,85,1
61,91,1
77,88,1
79,91,1
88,93,1
8,90,1
17,41,1
17,53,1
17,87,1
17,90,1
19,41,1
19,53,1
19,87,1
19,90,1
21,90,1
26,87,1
41,53,1
41,87,1
41,90,1
44,90,1
53,87,1
53,90,1
70,90,1
87,90,1
11,25,1
11,45,1
11,59,1
11,66,1
11,83,1
103,11,1
15,66,1
15,72,1
25,72,1
41,72,1
103,41,1
45,53,1
45,66,1
53,59,1
53,72,1
53,79,1
103,53,1
59,66,1
59,72,1
103,59,1
66,72,1
103,66,1
72,79,1
72,83,1
103,72,1
103,83,1
33,74,1
10,78,1
20,78,1
7,74,1
38,74,1
15,32,1
65,71,1
32,6,1
5,53,1
5,77,1
53,6,1
53,7,1
29,77,1
30,53,1
50,53,1
53,54,1
53,77,1
54,77,1
39,94,1
23,37,1
35,69,1
22,53,1
17,71,1
19,71,1
21,71,1
31,71,1
34,53,1
34,71,1
53,57,1
53,71,1
53,93,1
57,71,1
71,82,1
18,62,1
18,23,1
26,38,1
30,37,1
31,38,1
37,38,1
37,40,1
37,47,1
38,45,1
15,17,1
15,19,1
1,16,1
13,5,1
28,5,1
28,6,1
14,28,1
22,28,1
28,57,1
2,84,1
38,9,1
84,9,1
14,84,1
19,84,1
21,84,1
23,84,1
29,84,1
38,84,1
40,84,1
46,84,1
50,84,1
5,62,1
38,51,1
38,73,1
14,89,1
21,89,1
22,89,1
25,89,1
44,89,1
58,89,1
70,89,1
78,89,1
87,89,1
15,94,1
56,94,1
66,9,1
12,35,1
12,42,1
12,66,1
12,81,1
27,35,1
27,66,1
35,75,1
66,75,1
66,76,1
75,76,1
75,77,1
10,17,1
20,52,1
28,60,1
28,65,1
35,41,1
27,85,1
35,47,1
100,79,1
11,5,1
15,5,1
41,5,1
48,5,1
5,56,1
5,63,1
63,8,1
15,63,1
25,63,1
41,63,1
48,53,1
53,63,1
56,63,1
31,74,1
45,74,1
58,74,1
68,74,1
68,85,1
73,74,1
74,76,1
76,85,1
42,6,1
13,91,1
103,13,1
103,34,1
100,42,1
50,66,1
66,85,1
100,81,1
103,81,1
103,85,1
103,91,1
100,103,1
44,71,1
7,87,1
13,87,1
13,98,1
19,66,1
19,94,1
21,66,1
23,66,1
23,79,1
23,87,1
23,94,1
23,98,1
100,23,1
31,87,1
34,87,1
47,75,1
47,87,1
66,87,1
66,94,1
75,79,1
75,87,1
75,98,1
2,28,1
24,87,1
50,87,1
85,87,1
18,55,1
18,65,1
18,88,1
25,65,1
27,28,1
27,88,1
28,55,1
28,88,1
37,55,1
37,88,1
55,65,1
55,73,1
65,88,1
23,54,1
59,90,1
29,35,1
42,73,1
6,62,1
14,62,1
27,90,1
29,52,1
29,55,1
29,90,1
40,90,1
52,65,1
52,90,1
55,90,1
57,90,1
58,90,1
65,90,1
73,90,1
10,71,1
16,64,1
17,37,1
64,65,1
65,79,1
32,37,1
26,75,1
17,23,1
38,71,1
38,83,1
27,71,1
28,46,1
10,64,1
10,68,1
10,73,1
10,77,1
10,79,1
10,80,1
12,80,1
24,68,1
24,73,1
24,75,1
24,77,1
24,80,1
33,77,1
33,79,1
37,68,1
37,75,1
37,77,1
37,80,1
64,68,1
64,75,1
68,75,1
68,77,1
73,75,1
73,77,1
73,78,1
73,79,1
75,80,1
29,42,1
1,42,1
1,71,1
14,42,1
17,20,1
20,42,1
20,71,1
20,77,1
28,29,1
28,33,1
28,44,1
28,64,1
28,77,1
29,71,1
33,42,1
33,71,1
40,71,1
42,44,1
42,64,1
71,77,1
0,66,1
0,96,1
21,96,1
34,96,1
66,96,1
11,62,1
0,38,1
20,73,1
24,45,1
39,85,1
62,85,1
62,94,1
16,98,1
103,76,1
44,59,1
59,69,1
16,53,1
52,53,1
52,76,1
20,47,1
33,47,1
0,17,1
0,68,1
0,93,1
0,98,1
68,7,1
38,65,1
56,65,1
56,93,1
65,93,1
65,98,1
49,8,1
25,49,1
49,53,1
42,65,1
0,52,1
0,71,1
23,52,1
63,66,1
63,77,1
63,84,1
63,98,1
70,84,1
77,84,1
77,98,1
84,93,1
84,98,1
50,96,1
24,38,1
13,49,1
49,50,1
17,46,1
17,52,1
19,52,1
46,77,1
52,68,1
52,77,1
52,91,1
24,48,1
56,76,1
29,87,1
54,87,1
2,96,1
22,96,1
40,96,1
64,94,1
64,96,1
94,96,1
53,64,1
47,83,1
32,59,1
32,82,1
59,82,1
5,71,1
5,83,1
71,76,1
38,6,1
28,38,1
10,81,1
26,63,1
29,63,1
9,96,1
18,96,1
73,96,1
82,96,1
23,78,1
87,9,1
35,87,1
35,94,1
42,87,1
45,87,1
60,87,1
81,87,1
81,94,1
15,77,1
42,5,1
5,52,1
5,55,1
6,98,1
16,35,1
23,35,1
23,42,1
23,55,1
23,93,1
35,38,1
35,98,1
38,42,1
38,52,1
38,55,1
38,76,1
42,98,1
52,98,1
55,98,1
76,98,1
14,69,1
12,53,1
13,53,1
15,76,1
40,53,1
29,32,1
10,28,1
28,79,1
26,94,1
27,94,1
11,9,1
39,9,1
41,9,1
11,40,1
11,87,1
15,87,1
28,39,1
28,62,1
28,87,1
39,40,1
39,45,1
39,87,1
40,41,1
50,62,1
0,73,1
0,32,1
32,8,1
62,7,1
20,90,1
28,90,1
61,62,1
16,84,1
76,84,1
76,88,1
84,88,1
61,76,1
73,87,1
76,87,1
15,42,1
64,69,1
69,88,1
69,98,1
28,32,1
32,71,1
55,59,1
24,66,1
29,69,1
100,29,1
39,69,1
24,96,1
13,80,1
17,63,1
31,80,1
42,63,1
42,80,1
60,63,1
63,91,1
67,80,1
37,76,1
20,87,1
27,87,1
29,78,1
33,87,1
100,33,1
11,42,1
11,55,1
11,76,1
11,96,1
100,11,1
101,11,1
15,96,1
42,53,1
42,96,1
53,55,1
53,96,1
100,53,1
55,96,1
76,96,1
85,96,1
100,96,1
101,96,1
11,26,1
0,88,1
10,88,1
0,75,1
26,39,1
33,39,1
38,39,1
39,75,1
54,60,1
54,98,1
41,46,1
102,7,1
103,7,1
102,9,1
103,9,1
102,12,1
103,12,1
102,13,1
18,87,1
100,18,1
102,18,1
103,18,1
102,19,1
103,19,1
102,21,1
23,77,1
23,81,1
102,23,1
103,23,1
103,26,1
102,27,1
103,27,1
102,30,1
103,30,1
102,34,1
102,40,1
102,45,1
102,60,1
102,76,1
77,87,1
87,93,1
102,87,1
103,87,1
103,93,1
100,102,1
49,9,1
21,49,1
22,49,1
49,58,1
49,68,1
49,70,1
49,75,1
49,91,1
50,68,1
68,81,1
28,75,1
37,42,1
75,88,1
46,98,1
67,98,1
27,69,1
33,69,1
43,58,1
43,69,1
8,89,1
2,49,1
49,6,1
12,49,1
14,49,1
19,49,1
23,49,1
26,49,1
27,49,1
29,49,1
31,49,1
44,49,1
45,49,1
49,57,1
49,60,1
24,72,1
0,18,1
6,68,1
6,80,1
13,54,1
52,80,1
52,81,1
54,80,1
54,81,1
1,62,1
12,88,1
16,87,1
30,85,1
47,52,1
47,61,1
47,68,1
47,73,1
47,88,1
51,87,1
52,87,1
52,88,1
61,68,1
61,87,1
68,88,1
87,88,1
10,48,1
6,88,1
0,62,1
16,41,1
62,83,1
11,12,1
11,35,1
11,38,1
11,61,1
35,67,1
38,85,1
16,20,1
24,42,1
24,82,1
103,32,1
53,88,1
35,64,1
52,64,1
10,45,1
10,76,1
27,62,1
62,73,1
34,36,1
103,51,1
103,61,1
53,68,1
13,96,1
57,96,1
33,53,1
41,61,1
41,94,1
41,96,1
61,94,1
61,96,1
15,81,1
36,9,1
13,36,1
13,69,1
33,91,1
103,33,1
34,69,1
36,42,1
36,45,1
36,75,1
36,79,1
36,83,1
100,36,1
103,36,1
42,69,1
103,69,1
103,75,1
78,83,1
103,78,1
28,47,1
2,59,1
2,72,1
2,90,1
53,9,1
72,9,1
15,68,1
19,39,1
19,59,1
19,72,1
19,96,1
21,72,1
22,59,1
22,62,1
22,72,1
22,90,1
27,53,1
27,72,1
27,96,1
28,72,1
28,96,1
39,46,1
39,53,1
39,58,1
39,59,1
39,60,1
39,61,1
39,68,1
39,72,1
39,76,1
39,83,1
39,90,1
39,93,1
39,96,1
41,58,1
41,60,1
41,68,1
41,76,1
41,93,1
44,72,1
45,96,1
46,53,1
46,59,1
46,62,1
46,72,1
46,76,1
46,87,1
46,96,1
51,72,1
53,60,1
53,61,1
56,59,1
56,72,1
56,87,1
56,90,1
58,59,1
58,62,1
58,72,1
59,60,1
59,62,1
59,68,1
59,76,1
59,87,1
59,93,1
59,96,1
60,62,1
60,72,1
60,90,1
60,96,1
61,72,1
62,68,1
62,72,1
62,76,1
62,96,1
68,72,1
68,90,1
68,96,1
70,72,1
72,76,1
72,85,1
72,87,1
72,90,1
72,93,1
72,96,1
76,90,1
79,90,1
85,90,1
87,96,1
90,93,1
93,96,1
10,38,1
11,75,1
45,5,1
47,5,1
5,61,1
5,78,1
5,79,1
5,81,1
5,87,1
5,88,1
5,94,1
5,96,1
103,5,1
6,91,1
6,96,1
103,6,1
12,96,1
13,71,1
23,73,1
23,85,1
23,88,1
23,96,1
29,96,1
103,29,1
30,71,1
30,96,1
35,73,1
35,96,1
103,35,1
38,77,1
38,81,1
38,82,1
38,87,1
38,94,1
38,96,1
103,38,1
103,44,1
46,78,1
46,81,1
47,71,1
47,96,1
103,47,1
55,68,1
55,79,1
55,87,1
55,94,1
103,55,1
61,78,1
68,71,1
68,94,1
103,68,1
71,75,1
71,78,1
71,79,1
71,81,1
71,87,1
71,88,1
71,91,1
71,94,1
71,96,1
103,71,1
73,94,1
103,73,1
75,96,1
77,94,1
77,96,1
78,96,1
81,96,1
87,91,1
88,94,1
88,96,1
91,96,1
103,94,1
5,64,1
5,66,1
101,5,1
6,66,1
101,6,1
23,64,1
101,23,1
15,47,1
23,53,1
53,91,1
11,74,1
35,54,1
54,55,1
103,52,1
54,79,1
54,88,1
103,54,1
28,91,1
43,9,1
13,43,1
17,43,1
17,69,1
21,43,1
25,43,1
41,43,1
41,69,1
41,78,1
41,91,1
42,43,1
43,44,1
43,49,1
43,60,1
43,66,1
43,68,1
43,70,1
43,75,1
43,77,1
43,78,1
43,81,1
43,87,1
43,91,1
49,69,1
49,79,1
49,87,1
49,93,1
66,69,1
69,77,1
69,81,1
69,87,1
34,74,1
19,69,1
26,69,1
61,69,1
64,87,1
69,76,1
37,54,1
20,65,1
65,87,1
24,63,1
28,63,1
102,2,1
102,17,1
18,91,1
33,85,1
102,33,1
102,35,1
102,44,1
102,47,1
102,50,1
102,75,1
102,79,1
41,74,1
10,74,1
35,43,1
43,47,1
101,12,1
26,74,1
35,74,1
59,65,1
36,49,1
36,53,1
36,66,1
36,88,1
101,36,1
49,51,1
49,88,1
101,49,1
101,91,1
62,71,1
101,24,1
18,69,1
59,88,1
49,83,1
49,85,1
49,94,1
100,49,1
53,75,1
53,78,1
53,94,1
56,71,1
8,84,1
37,84,1
53,84,1
79,84,1
10,103,1
32,53,1
13,95,1
27,95,1
47,95,1
77,95,1
81,95,1
83,95,1
15,69,1
16,69,1
20,69,1
41,47,1
41,64,1
47,69,1
2,32,1
13,32,1
13,72,1
18,72,1
19,32,1
21,32,1
22,32,1
25,32,1
32,34,1
32,40,1
32,55,1
32,57,1
32,58,1
32,60,1
32,72,1
34,72,1
55,72,1
57,72,1
67,72,1
67,88,1
72,73,1
72,82,1
72,88,1
18,53,1
24,69,1
53,69,1
12,39,1
36,85,1
103,90,1
23,63,1
33,94,1
63,82,1
63,87,1
63,94,1
27,98,1
33,95,1
38,43,1
38,69,1
38,95,1
43,67,1
43,95,1
67,95,1
68,95,1
69,95,1
79,95,1
87,95,1
91,98,1
95,98,1
65,77,1
65,81,1
11,17,1
38,63,1
38,53,1
10,62,1
47,62,1
62,82,1
8,92,1
23,92,1
49,73,1
63,73,1
24,54,1
24,98,1
71,90,1
59,64,1
10,5,1
24,39,1
11,23,1
11,58,1
52,96,1
35,53,1
36,6,1
12,65,1
30,36,1
30,84,1
36,93,1
84,91,1
18,64,1
37,96,1
65,96,1
1,84,1
18,84,1
26,84,1
45,84,1
73,84,1
69,96,1
10,66,1
10,72,1
65,80,1
11,33,1
11,73,1
14,72,1
33,41,1
33,66,1
33,72,1
101,41,1
48,72,1
48,73,1
48,96,1
101,48,1
53,73,1
101,72,1
89,94,1
10,84,1
10,87,1
10,98,1
27,84,1
12,97,1
13,97,1
17,97,1
25,97,1
29,66,1
29,97,1
34,97,1
35,49,1
35,97,1
42,97,1
47,97,1
49,96,1
49,97,1
103,49,1
51,97,1
60,97,1
75,97,1
77,97,1
81,97,1
85,97,1
93,97,1
96,97,1
103,97,1
30,41,1
37,62,1
1,32,1
1,66,1
101,75,1
26,66,1
66,67,1
69,73,1
69,80,1
18,71,1
101,18,1
101,27,1
35,65,1
101,65,1
53,98,1
49,7,1
49,55,1
101,67,1
10,90,1
10,96,1
100,68,1
100,90,1
62,81,1
1,65,1
15,78,1
15,91,1
20,55,1
20,68,1
20,91,1
20,93,1
28,78,1
47,65,1
65,78,1
65,85,1
38,62,1
47,59,1
23,65,1
0,36,1
0,42,1
0,45,1
0,49,1
0,55,1
0,59,1
0,63,1
0,72,1
0,80,1
0,84,1
0,86,1
0,87,1
0,89,1
0,91,1
0,92,1
0,97,1
0,99,1
0,101,1
0,102,1
0,103,1
0,104,1
2,86,1
2,89,1
2,92,1
2,97,1
104,2,1
36,7,1
63,7,1
7,84,1
7,89,1
7,92,1
7,97,1
104,7,1
8,86,1
8,97,1
104,8,1
48,9,1
63,9,1
86,9,1
89,9,1
9,92,1
9,97,1
9,99,1
104,9,1
10,18,1
10,35,1
10,36,1
10,42,1
10,49,1
10,52,1
10,55,1
10,59,1
10,86,1
10,89,1
10,92,1
10,97,1
10,102,1
10,104,1
11,18,1
11,30,1
11,36,1
11,46,1
11,47,1
11,49,1
11,52,1
11,57,1
11,60,1
11,64,1
11,68,1
11,69,1
11,71,1
11,77,1
11,78,1
11,80,1
11,81,1
11,84,1
11,86,1
11,88,1
11,89,1
11,91,1
11,92,1
11,93,1
11,94,1
11,97,1
11,98,1
11,99,1
102,11,1
104,11,1
12,72,1
12,86,1
12,89,1
12,92,1
12,99,1
104,12,1
14,59,1
14,86,1
14,92,1
14,97,1
103,14,1
104,14,1
15,36,1
15,49,1
15,80,1
15,84,1
15,86,1
15,89,1
15,97,1
15,98,1
15,99,1
102,15,1
104,15,1
16,36,1
16,49,1
16,72,1
16,86,1
16,89,1
104,16,1
17,48,1
17,59,1
17,72,1
17,86,1
17,89,1
17,92,1
104,17,1
18,36,1
18,41,1
18,49,1
18,66,1
18,80,1
18,86,1
18,89,1
18,92,1
18,94,1
18,97,1
18,98,1
18,99,1
104,18,1
20,35,1
20,36,1
20,38,1
20,49,1
20,59,1
20,66,1
20,72,1
20,80,1
20,81,1
20,84,1
20,86,1
20,88,1
20,89,1
20,92,1
20,94,1
20,96,1
20,97,1
20,99,1
102,20,1
103,20,1
104,20,1
21,86,1
21,92,1
21,97,1
21,99,1
104,21,1
22,86,1
22,92,1
25,92,1
104,25,1
26,36,1
26,86,1
26,89,1
26,92,1
26,97,1
26,99,1
104,26,1
27,86,1
27,89,1
27,92,1
27,97,1
104,27,1
28,36,1
28,49,1
28,66,1
28,69,1
28,80,1
28,81,1
28,84,1
28,86,1
28,89,1
28,92,1
28,94,1
28,97,1
28,98,1
102,28,1
103,28,1
104,28,1
29,48,1
29,59,1
29,72,1
29,86,1
29,89,1
29,92,1
29,99,1
102,29,1
104,29,1
30,49,1
30,59,1
30,72,1
30,86,1
30,89,1
30,92,1
30,97,1
30,99,1
104,30,1
31,36,1
31,69,1
31,84,1
31,89,1
104,31,1
34,86,1
34,89,1
34,92,1
104,34,1
35,36,1
35,48,1
35,63,1
35,72,1
35,84,1
35,86,1
35,89,1
35,92,1
104,35,1
36,41,1
36,46,1
36,48,1
36,52,1
36,55,1
36,59,1
36,61,1
36,63,1
36,64,1
36,68,1
36,71,1
36,72,1
36,73,1
36,76,1
36,77,1
36,81,1
36,82,1
36,89,1
36,92,1
36,94,1
36,96,1
36,97,1
36,98,1
36,99,1
102,36,1
104,36,1
38,41,1
38,48,1
38,49,1
38,59,1
38,72,1
38,80,1
38,86,1
38,89,1
38,92,1
38,97,1
38,99,1
100,38,1
102,38,1
104,38,1
40,86,1
40,89,1
40,92,1
40,97,1
104,40,1
41,55,1
41,80,1
41,84,1
41,86,1
41,88,1
41,89,1
41,92,1
41,97,1
41,98,1
41,99,1
102,41,1
104,41,1
42,48,1
42,59,1
42,72,1
42,84,1
42,86,1
42,89,1
42,92,1
42,99,1
44,86,1
44,92,1
44,97,1
104,44,1
45,89,1
45,92,1
45,97,1
104,45,1
46,49,1
46,89,1
46,92,1
46,97,1
102,46,1
104,46,1
47,48,1
47,72,1
47,80,1
47,89,1
47,92,1
101,47,1
104,47,1
48,49,1
48,59,1
48,60,1
48,61,1
48,68,1
48,69,1
48,71,1
48,76,1
48,77,1
48,78,1
48,80,1
48,81,1
48,84,1
48,86,1
48,87,1
48,89,1
48,97,1
48,98,1
100,48,1
102,48,1
104,48,1
49,52,1
49,59,1
49,61,1
49,63,1
49,64,1
49,71,1
49,72,1
49,76,1
49,80,1
49,84,1
49,86,1
49,89,1
49,92,1
49,98,1
102,49,1
104,49,1
50,89,1
50,97,1
104,50,1
51,84,1
51,89,1
51,92,1
102,51,1
104,51,1
52,63,1
52,69,1
52,72,1
52,75,1
52,84,1
52,89,1
52,92,1
52,94,1
52,97,1
102,52,1
104,52,1
53,81,1
53,86,1
53,89,1
53,92,1
53,97,1
53,99,1
102,53,1
104,53,1
55,69,1
55,84,1
55,89,1
55,92,1
55,97,1
102,55,1
104,55,1
57,59,1
57,86,1
57,92,1
57,97,1
57,99,1
58,86,1
58,92,1
58,97,1
58,99,1
59,63,1
59,75,1
59,77,1
59,78,1
59,80,1
59,81,1
59,84,1
59,86,1
59,89,1
59,91,1
59,92,1
59,94,1
59,97,1
59,98,1
59,99,1
101,59,1
102,59,1
104,59,1
60,84,1
60,89,1
60,92,1
104,60,1
61,63,1
61,66,1
61,84,1
61,86,1
61,89,1
61,92,1
61,97,1
100,61,1
104,61,1
63,69,1
63,71,1
63,76,1
63,78,1
63,81,1
63,83,1
63,86,1
63,89,1
63,92,1
63,97,1
100,63,1
102,63,1
103,63,1
104,63,1
64,72,1
64,84,1
64,86,1
64,89,1
64,92,1
64,97,1
64,99,1
102,64,1
103,64,1
104,64,1
66,71,1
66,86,1
66,89,1
66,92,1
102,66,1
104,66,1
68,86,1
68,89,1
68,92,1
68,99,1
101,68,1
102,68,1
104,68,1
69,71,1
69,72,1
69,84,1
69,86,1
69,89,1
69,92,1
69,97,1
102,69,1
104,69,1
70,86,1
70,92,1
70,97,1
104,70,1
71,72,1
71,80,1
71,84,1
71,86,1
71,89,1
71,92,1
71,97,1
71,99,1
102,71,1
104,71,1
72,75,1
72,77,1
72,78,1
72,80,1
72,81,1
72,84,1
72,86,1
72,89,1
72,91,1
72,92,1
72,94,1
72,97,1
72,98,1
72,99,1
100,72,1
102,72,1
104,72,1
73,86,1
73,89,1
73,92,1
73,97,1
73,99,1
102,73,1
104,73,1
75,86,1
75,89,1
75,92,1
104,75,1
76,80,1
76,86,1
76,89,1
76,92,1
76,94,1
76,97,1
104,76,1
77,86,1
77,89,1
77,92,1
104,77,1
78,86,1
78,92,1
78,97,1
78,99,1
102,78,1
79,86,1
79,89,1
79,92,1
79,97,1
104,79,1
80,84,1
80,85,1
80,86,1
80,89,1
80,92,1
80,94,1
80,97,1
80,99,1
100,80,1
102,80,1
103,80,1
81,84,1
81,86,1
81,89,1
81,92,1
104,81,1
82,86,1
82,89,1
82,92,1
104,82,1
83,84,1
83,89,1
83,92,1
104,83,1
84,86,1
84,89,1
84,92,1
84,94,1
84,96,1
84,97,1
84,99,1
101,84,1
102,84,1
103,84,1
104,84,1
85,89,1
85,92,1
86,87,1
86,89,1
86,91,1
86,92,1
86,93,1
86,94,1
86,97,1
86,98,1
86,99,1
100,86,1
104,86,1
87,92,1
87,97,1
101,87,1
104,87,1
88,89,1
88,92,1
88,97,1
88,99,1
102,88,1
104,88,1
89,91,1
89,92,1
89,93,1
89,96,1
89,97,1
89,98,1
89,99,1
100,89,1
101,89,1
102,89,1
103,89,1
104,89,1
91,92,1
91,97,1
104,91,1
92,93,1
92,94,1
92,96,1
92,97,1
92,98,1
92,99,1
100,92,1
101,92,1
102,92,1
103,92,1
104,92,1
104,93,1
94,97,1
102,94,1
104,94,1
96,98,1
96,99,1
102,96,1
104,96,1
97,98,1
97,99,1
100,97,1
102,97,1
104,97,1
102,98,1
103,98,1
104,98,1
104,99,1
100,104,1
101,102,1
67,90,1
0,90,1
14,90,1
1,36,1
17,39,1
18,39,1
36,39,1
39,57,1
39,73,1
39,77,1
39,78,1
39,91,1
104,13,1
5,84,1
6,84,1
61,74,1
7,95,1
9,95,1
16,95,1
51,95,1
52,95,1
71,95,1
11,19,1
100,5,1
20,5,1
0,5,1
47,56,1
56,91,1
5,69,1
102,5,1
104,67,1
18,74,1
103,56,1
20,32,1
49,5,1
49,67,1
103,67,1
65,69,1
104,33,1
24,47,1
31,90,1
57,62,1
62,77,1
1,49,1
23,32,1
32,76,1
42,62,1
55,62,1
101,62,1
101,90,1
39,42,1
39,49,1
39,66,1
39,81,1
12,32,1
32,47,1
32,66,1
32,70,1
32,85,1
32,87,1
32,91,1
32,94,1
100,32,1
62,75,1
62,88,1
24,81,1
32,64,1
74,94,1
1,72,1
47,90,1
66,90,1
78,90,1
90,94,1
36,56,1
49,62,1
10,32,1
10,65,1
32,56,1
32,5,1
30,32,1
5,80,1
102,6,1
32,77,1
37,5,1
32,81,1
11,65,1
49,65,1
65,94,1
13,89,1
23,89,1
67,89,1
88,90,1
18,5,1
23,41,1
37,66,1
37,81,1
32,35,1
32,69,1
32,75,1
32,78,1
32,79,1
1,59,1
1,97,1
1,95,1
2,95,1
40,95,1
57,95,1
58,95,1
61,95,1
75,95,1
78,95,1
82,95,1
94,95,1
100,95,1
103,95,1
8,95,1
17,95,1
28,95,1
30,95,1
31,95,1
37,91,1
37,95,1
37,97,1
102,37,1
103,37,1
95,97,1
101,95,1
102,95,1
100,65,1
82,90,1
32,98,1
6,95,1
59,6,1
11,32,1
73,95,1
54,64,1
37,94,1